{
  "$schema": "https://schema.management.azure.com/schemas/2019-04-01/deploymentTemplate.json#",
  "contentVersion": "1.0.0.0",
  "parameters": {
    "sqlAdminPassword": {
      "type": "securestring"
    },
    "serviceName": {
      "type": "string"
    },
    "accountId": {
      "type": "string",
      "defaultValue": "ariesch@microsoft.com"
    },
    "functionalTestsFileUrl": {
      "type": "string",
      "defaultValue": "https://raw.githubusercontent.com/microsoft/ClinicalTrialsBlueprint/master/functional-tests/dynmic_ctm_test.json"
    },
    "acrPassword": {
      "type": "securestring"
    },
    "postgreSqlAdministratorLogin": {
      "type": "string",
      "defaultValue": "postgreSQLAdminUser"
    },
    "postgreSqladministratorLoginPassword": {
      "type": "securestring"
    },
    "env": {
      "type": "string",
      "defaultValue": "prod_us"
    },
    "acrServer": {
      "type": "string",
      "defaultValue": "ctmprod.azurecr.io"
    },
    "acrUsername": {
      "type": "string",
      "defaultValue": "ctmprodreader"
    },
    "structuringImageTag": {
      "type": "string",
      "defaultValue": "2020.0528.1"
    },
    "queryEngineImageTag": {
      "type": "string",
      "defaultValue": "2020.0528.1"
    },
    "disqualifierImageTag": {
      "type": "string",
      "defaultValue": "2020.0528.1"
    },
    "conParserImageTag": {
      "type": "string",
      "defaultValue": "2020.0531.5"
    },
    "ta4hImageTag": {
      "type": "string",
      "defaultValue": "2020.0510.1"
    },
    "gatewayImageTag": {
      "type": "string",
      "defaultValue": "2020.0510.1"
    },
    "funcTestsImageTag": {
      "type": "string",
      "defaultValue": "2020.0625.3"
    },
    "queryCountry": {
      "type": "string",
      "defaultValue": "us"
    },
    "queryPhases": {
      "type": "string",
      "defaultValue": "phase_1;phase_2;phase_3;phase_4;not_applicable"
    },
    "queryRecruitment": {
      "type": "string",
      "defaultValue": "recruiting"
    },
    "querySponsors": {
      "type": "string",
      "defaultValue": ""
    },
    "queryConditions": {
      "type": "string",
      "defaultValue": ""
    },
    "isSecondary": {
      "type": "bool",
      "defaultValue": false
    }
  },
  "resources": [
    {
      "type": "Microsoft.Resources/deployments",
      "apiVersion": "2020-06-01",
      "name": "pid-882edde0-c63b-5d8d-9d65-0f476599f6f1",
      "properties": {
        "mode": "Incremental",
        "template": {
          "$schema": "https://schema.management.azure.com/schemas/2015-01-01/deploymentTemplate.json#",
          "contentVersion": "1.0.0.0",
          "resources": []
        }
      }
    },
    {
      "type": "Microsoft.Resources/deployments",
      "apiVersion": "2019-10-01",
      "name": "fhirLinkedTemplate",
      "properties": {
        "mode": "Incremental",
        "templateLink": {
          "uri": "https://raw.githubusercontent.com/microsoft/fhir-server/master/samples/templates/default-azuredeploy-docker-sql.json",
          "contentVersion": "1.0.0.0"
        },
        "parameters": {
          "serviceName": { "value": "[parameters('serviceName')]" },
          "sqlAdminPassword": { "value": "[parameters('sqlAdminPassword')]" }
        }
      }
    },
    {
      "type": "Microsoft.Resources/deployments",
      "apiVersion": "2019-10-01",
      "name": "logicAppLinkedTemplate",
      "properties": {
        "mode": "Incremental",
        "templateLink": {
          "uri": "https://raw.githubusercontent.com/microsoft/ClinicalTrialsBlueprint/master/arm-templates/azuredeploy-logicapps.json",
          "contentVersion": "1.0.0.0"
        },
        "parameters": {
          "serviceName": { "value": "[parameters('serviceName')]" },
          "accountId": { "value": "[parameters('accountId')]" },
          "functionalTestsFileUrl": { "value": "[parameters('functionalTestsFileUrl')]" }
        }
      }
    },
    {
      "type": "Microsoft.Resources/deployments",
      "apiVersion": "2019-10-01",
      "name": "matchingServiceLinkedTemplate",
      "dependsOn": [
        "logicAppLinkedTemplate",
        "fhirLinkedTemplate"        
      ],
      "properties": {        
        "mode": "Incremental",
        "templateLink": {
          "uri": "https://raw.githubusercontent.com/microsoft/ClinicalTrialsBlueprint/master/arm-templates/azuredeploy-ctm.json",
          "contentVersion": "1.0.0.0"
        },        
        "parameters": {
          "serviceName": { "value": "[parameters('serviceName')]" },
          "acrPassword": { "value": "[parameters('acrPassword')]" },
          "postgreSqlAdministratorLogin": { "value": "[parameters('postgreSqlAdministratorLogin')]" },
          "postgreSqladministratorLoginPassword": { "value": "[parameters('postgreSqladministratorLoginPassword')]" },
          "env": { "value": "[parameters('env')]" },
          "acrServer": { "value": "[parameters('acrServer')]" },
          "acrUsername": { "value": "[parameters('acrUsername')]" },
          "structuringImageTag": { "value": "[parameters('structuringImageTag')]" },
          "queryEngineImageTag": { "value": "[parameters('queryEngineImageTag')]" },
          "disqualifierImageTag": { "value": "[parameters('disqualifierImageTag')]" },
          "conParserImageTag": { "value": "[parameters('conParserImageTag')]" },
          "ta4hImageTag": { "value": "[parameters('ta4hImageTag')]" },
          "gatewayImageTag": { "value": "[parameters('gatewayImageTag')]" },
          "funcTestsImageTag": { "value": "[parameters('funcTestsImageTag')]" },
          "queryCountry": { "value": "[parameters('queryCountry')]" },
          "queryPhases": { "value": "[parameters('queryPhases')]" },
          "queryRecruitment": { "value": "[parameters('queryRecruitment')]" },
          "querySponsors": { "value": "[parameters('querySponsors')]" },
          "queryConditions": { "value": "[parameters('queryConditions')]" },
          "isSecondary": { "value": "[parameters('isSecondary')]" }
        }      
      }
    }
  ]
}
